{"__Version":"0.1","App":"c6f29cf0-2e1a-43b6-911e-e14572d3f59d","Test_7F478737223C4B69":"667ff2a3-5254-4596-adb2-b372c1a04fe3","Host":"aff2bd5a-68e3-45e1-a318-e343f88eead1","FormInstrutores":"9ccb435a-9d36-4653-bb0a-a810edc5337b","LblTituloPrincipal":"f02589b3-a926-47db-8b34-4714d3df1ac9","LblCampoNome":"f0f0addb-35cc-4b86-94db-eaf991cd2b69","LblCampoNivel":"a814ff0d-becc-44c4-a7ac-2b636f1980c9","LblBotaoAdd":"bf7946ae-d26e-4f17-8ef0-5db8a1ac8d96","BtnAdicionarInstrutor":"daad31eb-4bfc-47fa-ad71-de45c17ad0a0","GalInstrutores":"c49ae040-96af-44b3-abd9-47da0f7074e6","Title2":"2dd3ca6a-504e-4af7-88c2-b58e7b5a94ad","galleryTemplate1":"90d4821f-3871-4cee-9e2b-21deb2fe62e3","CampoNivel":"94f37d4f-fce4-411d-aba7-a6e9ca9e6ab1","BtnExcluirInstrutor":"36c2c9e4-b785-473d-8293-49675f74523a","CampoNome":"286d3334-4ceb-453b-972e-82f15cdee4a5","FormInstrutoresAdd":"1250f66a-2755-43ae-b946-e3c0d660b95a","LblTituloPrincipalAdd":"9cea6d19-dcce-4d37-8b17-9dd9e7eb0502","CmbInstrutores":"1ffee11c-b3cd-40f7-aa08-fa49f5df8771","LblNivelInstrutor":"cc7420f5-892a-4297-bf4a-7fb45566f5aa","Icon2":"d09c9290-2c6e-4aad-8e84-4ffda4da8316","BtnCancelarAdd":"b01b509c-6d18-4c4e-a402-1501e4cebb40","FormInstrutoresExclus\u00E3o":"2d489b78-11ce-4c79-a5f4-52f85bf08705","LblTituloPrincipalExclusao":"f754c566-2d02-4c86-bb0e-a6e51d61b040","LblInformacoes":"9ceeb827-b39f-4537-a7c2-e30e28617d54","LblInstrutorExcluir":"d57e5a88-b3ee-42c9-9eae-ed8a7d784905","LblNivelInstrutorExclusao":"70b6ace1-ecc3-4319-9aaa-065f8491fa3a","BtnConfirmarExclusao":"f75755e9-a964-4638-81c7-ba306d98b5e3","BtnCancelarExc":"ced07c7a-91e7-421c-ba1b-f62596f757ae","ModelDrivenFormIntegration":"ee9bd658-9428-4223-ab45-4ad92512630c"}